{"mean":{"confidence_interval":{"confidence_level":0.95,"lower_bound":68604854.48799999,"upper_bound":69265604.6},"point_estimate":68926042.77,"standard_error":168674.68949310938},"median":{"confidence_interval":{"confidence_level":0.95,"lower_bound":68432000.0,"upper_bound":68986199.5},"point_estimate":68786400.0,"standard_error":140550.58240554077},"median_abs_dev":{"confidence_interval":{"confidence_level":0.95,"lower_bound":1357609.3828976161,"upper_bound":2148747.357034605},"point_estimate":1814257.5877904892,"standard_error":203660.26283149826},"slope":null,"std_dev":{"confidence_interval":{"confidence_level":0.95,"lower_bound":1380076.1146454862,"upper_bound":2060187.4918297303},"point_estimate":1700536.6710081527,"standard_error":178608.66958336148}}