{"mean":{"confidence_interval":{"confidence_level":0.95,"lower_bound":-0.1300783633528046,"upper_bound":-0.12077274033192135},"point_estimate":-0.12542141015249997,"standard_error":0.002364765221848508},"median":{"confidence_interval":{"confidence_level":0.95,"lower_bound":-0.12667465696456837,"upper_bound":-0.11661576207208679},"point_estimate":-0.12135369131058615,"standard_error":0.0026199617020077016}}