{"mean":{"confidence_interval":{"confidence_level":0.95,"lower_bound":7740000.6316428585,"upper_bound":7801075.96082143},"point_estimate":7769473.392857142,"standard_error":15611.445335047907},"median":{"confidence_interval":{"confidence_level":0.95,"lower_bound":7710807.285714285,"upper_bound":7766643.0},"point_estimate":7737478.714285715,"standard_error":15761.703006146727},"median_abs_dev":{"confidence_interval":{"confidence_level":0.95,"lower_bound":100975.6482073237,"upper_bound":167332.58702925302},"point_estimate":141535.34748724557,"standard_error":17305.984677949567},"slope":null,"std_dev":{"confidence_interval":{"confidence_level":0.95,"lower_bound":127688.03944247078,"upper_bound":181538.1491999299},"point_estimate":156087.85626770038,"standard_error":13747.307542025135}}