{"mean":{"confidence_interval":{"confidence_level":0.95,"lower_bound":-0.12509688755875165,"upper_bound":-0.11015190076718537},"point_estimate":-0.11752674616556746,"standard_error":0.003906445604985137},"median":{"confidence_interval":{"confidence_level":0.95,"lower_bound":-0.1300224332066754,"upper_bound":-0.12071252742504612},"point_estimate":-0.12479332351388572,"standard_error":0.002394000186730553}}