{"mean":{"confidence_interval":{"confidence_level":0.95,"lower_bound":5217098.201675004,"upper_bound":5259956.0442250045},"point_estimate":5237853.848000004,"standard_error":10998.061918372594},"median":{"confidence_interval":{"confidence_level":0.95,"lower_bound":5195820.05,"upper_bound":5247220.1},"point_estimate":5223000.05,"standard_error":12788.810947651862},"median_abs_dev":{"confidence_interval":{"confidence_level":0.95,"lower_bound":79081.73433601912,"upper_bound":124686.83940486607},"point_estimate":105509.22712683678,"standard_error":11988.776067277884},"slope":null,"std_dev":{"confidence_interval":{"confidence_level":0.95,"lower_bound":89111.83270087691,"upper_bound":130577.90609007435},"point_estimate":110509.09402094927,"standard_error":10642.352694125295}}