{"mean":{"confidence_interval":{"confidence_level":0.95,"lower_bound":11092390.533799997,"upper_bound":11200123.12694999},"point_estimate":11144236.929999992,"standard_error":27605.43971451313},"median":{"confidence_interval":{"confidence_level":0.95,"lower_bound":11034540.0,"upper_bound":11153349.8},"point_estimate":11092669.9,"standard_error":30907.450754507707},"median_abs_dev":{"confidence_interval":{"confidence_level":0.95,"lower_bound":185325.29322981724,"upper_bound":307076.25480830617},"point_estimate":250203.57155799866,"standard_error":31030.711387712},"slope":null,"std_dev":{"confidence_interval":{"confidence_level":0.95,"lower_bound":214296.17412392856,"upper_bound":339717.93855534267},"point_estimate":277631.92757308844,"standard_error":32355.565813862773}}