{"mean":{"confidence_interval":{"confidence_level":0.95,"lower_bound":1406889558.875,"upper_bound":1409878227.365},"point_estimate":1408308741.87,"standard_error":764539.5099418875},"median":{"confidence_interval":{"confidence_level":0.95,"lower_bound":1405630496.0,"upper_bound":1408206008.5},"point_estimate":1406447765.0,"standard_error":747555.2246999115},"median_abs_dev":{"confidence_interval":{"confidence_level":0.95,"lower_bound":4341659.106320143,"upper_bound":7532504.839271307},"point_estimate":5937801.775082946,"standard_error":819878.6491452171},"slope":null,"std_dev":{"confidence_interval":{"confidence_level":0.95,"lower_bound":5552814.335339227,"upper_bound":9731856.234881636},"point_estimate":7688442.761000666,"standard_error":1072823.8937625077}}