{"mean":{"confidence_interval":{"confidence_level":0.95,"lower_bound":535933320002.60077,"upper_bound":537702162657.916},"point_estimate":536787159032.99,"standard_error":453195108.33047956},"median":{"confidence_interval":{"confidence_level":0.95,"lower_bound":534367444970.5,"upper_bound":534702195208.5},"point_estimate":534566543406.0,"standard_error":114344907.8549003},"median_abs_dev":{"confidence_interval":{"confidence_level":0.95,"lower_bound":766885066.2138743,"upper_bound":1598701464.3357754},"point_estimate":1150261390.2792783,"standard_error":209537506.79609197},"slope":null,"std_dev":{"confidence_interval":{"confidence_level":0.95,"lower_bound":3737606106.346277,"upper_bound":5154696077.379883},"point_estimate":4549151569.2121525,"standard_error":363342666.53932375}}