{"mean":{"confidence_interval":{"confidence_level":0.95,"lower_bound":129837929305.774,"upper_bound":131414233631.591},"point_estimate":130579873324.45,"standard_error":402882682.40936744},"median":{"confidence_interval":{"confidence_level":0.95,"lower_bound":129547984071.0,"upper_bound":129987042265.0},"point_estimate":129831310823.5,"standard_error":101030374.13551734},"median_abs_dev":{"confidence_interval":{"confidence_level":0.95,"lower_bound":581531901.698345,"upper_bound":2059548264.8505092},"point_estimate":948013156.0944021,"standard_error":428962356.1758956},"slope":null,"std_dev":{"confidence_interval":{"confidence_level":0.95,"lower_bound":2823689929.6358604,"upper_bound":5094669983.798425},"point_estimate":4051650043.504074,"standard_error":579733469.9195937}}