{"mean":{"confidence_interval":{"confidence_level":0.95,"lower_bound":198105045.7105,"upper_bound":199352751.606},"point_estimate":198682701.84,"standard_error":318363.5506027107},"median":{"confidence_interval":{"confidence_level":0.95,"lower_bound":197574401.0,"upper_bound":198436700.0},"point_estimate":197988500.5,"standard_error":200040.52279167742},"median_abs_dev":{"confidence_interval":{"confidence_level":0.95,"lower_bound":1608102.8027504683,"upper_bound":2495585.664394498},"point_estimate":2100398.64141047,"standard_error":226686.41471324925},"slope":null,"std_dev":{"confidence_interval":{"confidence_level":0.95,"lower_bound":2040577.2174705798,"upper_bound":4360733.386120635},"point_estimate":3197062.894434448,"standard_error":613092.2896017319}}