{"mean":{"confidence_interval":{"confidence_level":0.95,"lower_bound":113541975.3465,"upper_bound":114155943.9555},"point_estimate":113842758.04,"standard_error":157012.1793074034},"median":{"confidence_interval":{"confidence_level":0.95,"lower_bound":113316301.0,"upper_bound":113966101.0},"point_estimate":113682851.0,"standard_error":178198.03032366262},"median_abs_dev":{"confidence_interval":{"confidence_level":0.95,"lower_bound":1012836.318768561,"upper_bound":1776080.6384682655},"point_estimate":1404022.1750736237,"standard_error":205494.20851768198},"slope":null,"std_dev":{"confidence_interval":{"confidence_level":0.95,"lower_bound":1303558.0540258856,"upper_bound":1823352.1266803348},"point_estimate":1575514.306779583,"standard_error":133127.3382148253}}