{"mean":{"confidence_interval":{"confidence_level":0.95,"lower_bound":-0.15602158340873784,"upper_bound":-0.13532142750197243},"point_estimate":-0.14526947016410696,"standard_error":0.00521905499455164},"median":{"confidence_interval":{"confidence_level":0.95,"lower_bound":-0.1473621551286638,"upper_bound":-0.1375379324707259},"point_estimate":-0.14112347802424274,"standard_error":0.002508102478602108}}