{"mean":{"confidence_interval":{"confidence_level":0.95,"lower_bound":161053615.48725,"upper_bound":162333862.71649998},"point_estimate":161646442.77,"standard_error":327278.1860086477},"median":{"confidence_interval":{"confidence_level":0.95,"lower_bound":160501601.5,"upper_bound":162085701.0},"point_estimate":161145050.5,"standard_error":441692.23248290777},"median_abs_dev":{"confidence_interval":{"confidence_level":0.95,"lower_bound":1988838.182491064,"upper_bound":2942892.006853223},"point_estimate":2464748.32624197,"standard_error":239874.93001848125},"slope":null,"std_dev":{"confidence_interval":{"confidence_level":0.95,"lower_bound":2048675.4574281226,"upper_bound":4460029.608108174},"point_estimate":3297765.235564882,"standard_error":639218.9436539027}}