{"mean":{"confidence_interval":{"confidence_level":0.95,"lower_bound":189144207.698,"upper_bound":191244178.905},"point_estimate":190134347.12,"standard_error":534066.5254072425},"median":{"confidence_interval":{"confidence_level":0.95,"lower_bound":188055351.0,"upper_bound":189731100.0},"point_estimate":188934501.0,"standard_error":456766.3325134583},"median_abs_dev":{"confidence_interval":{"confidence_level":0.95,"lower_bound":2150585.391819477,"upper_bound":3813912.8196895123},"point_estimate":2897072.995966673,"standard_error":424166.7123485987},"slope":null,"std_dev":{"confidence_interval":{"confidence_level":0.95,"lower_bound":3760813.111017866,"upper_bound":6770315.677669581},"point_estimate":5354686.42133463,"standard_error":768317.1118166413}}