{"mean":{"confidence_interval":{"confidence_level":0.95,"lower_bound":-0.14485349383556184,"upper_bound":-0.1268096780429928},"point_estimate":-0.1350213399839718,"standard_error":0.004628588896231061},"median":{"confidence_interval":{"confidence_level":0.95,"lower_bound":-0.13010272301805728,"upper_bound":-0.12090624067184487},"point_estimate":-0.12541845242522875,"standard_error":0.002308494979562399}}