{"mean":{"confidence_interval":{"confidence_level":0.95,"lower_bound":2050012.8730199963,"upper_bound":2064703.1685499968},"point_estimate":2057228.0731999963,"standard_error":3743.507694866372},"median":{"confidence_interval":{"confidence_level":0.95,"lower_bound":2039400.32,"upper_bound":2060476.04},"point_estimate":2043522.32,"standard_error":6345.875880107085},"median_abs_dev":{"confidence_interval":{"confidence_level":0.95,"lower_bound":23125.386825442292,"upper_bound":43677.39522457123},"point_estimate":32789.18101787567,"standard_error":5283.713689925979},"slope":null,"std_dev":{"confidence_interval":{"confidence_level":0.95,"lower_bound":31436.510742805982,"upper_bound":43520.59424972137},"point_estimate":37585.53898524936,"standard_error":3093.0415015239046}}