{"mean":{"confidence_interval":{"confidence_level":0.95,"lower_bound":-0.10807084419201927,"upper_bound":-0.09238173966348176},"point_estimate":-0.1002610000139662,"standard_error":0.00400556040773492},"median":{"confidence_interval":{"confidence_level":0.95,"lower_bound":-0.10648084210479558,"upper_bound":-0.09262540168874422},"point_estimate":-0.09863420569112213,"standard_error":0.003623414666842548}}