{"mean":{"confidence_interval":{"confidence_level":0.95,"lower_bound":11346502.118950017,"upper_bound":11424023.974100016},"point_estimate":11384301.146000016,"standard_error":19776.779205117542},"median":{"confidence_interval":{"confidence_level":0.95,"lower_bound":11309000.2,"upper_bound":11387560.2},"point_estimate":11344280.2,"standard_error":18492.01161023972},"median_abs_dev":{"confidence_interval":{"confidence_level":0.95,"lower_bound":111357.935763002,"upper_bound":215970.33816576004},"point_estimate":159231.23717308044,"standard_error":27838.704996474964},"slope":null,"std_dev":{"confidence_interval":{"confidence_level":0.95,"lower_bound":163064.0159042724,"upper_bound":234448.64033466656},"point_estimate":198678.31860094055,"standard_error":18391.021821238322}}