{"mean":{"confidence_interval":{"confidence_level":0.95,"lower_bound":-0.13796672572067512,"upper_bound":-0.13137557499902175},"point_estimate":-0.13454475860607829,"standard_error":0.001685997844340983},"median":{"confidence_interval":{"confidence_level":0.95,"lower_bound":-0.1382207043941034,"upper_bound":-0.12976907377029523},"point_estimate":-0.13468060778516544,"standard_error":0.002205988039170983}}