{"mean":{"confidence_interval":{"confidence_level":0.95,"lower_bound":28457353.414750002,"upper_bound":28731738.8665},"point_estimate":28586873.635,"standard_error":69958.02678739159},"median":{"confidence_interval":{"confidence_level":0.95,"lower_bound":28269000.0,"upper_bound":28549100.0},"point_estimate":28386625.25,"standard_error":83830.98715381594},"median_abs_dev":{"confidence_interval":{"confidence_level":0.95,"lower_bound":346520.30819803476,"upper_bound":638074.3343219161},"point_estimate":464905.9160962701,"standard_error":79489.83821211841},"slope":null,"std_dev":{"confidence_interval":{"confidence_level":0.95,"lower_bound":497267.9293362318,"upper_bound":919034.133972905},"point_estimate":700349.8078160903,"standard_error":111440.88897589482}}