{"mean":{"confidence_interval":{"confidence_level":0.95,"lower_bound":2595941.724962501,"upper_bound":2626001.4377750005},"point_estimate":2610303.9555000006,"standard_error":7670.011745035188},"median":{"confidence_interval":{"confidence_level":0.95,"lower_bound":2578087.5,"upper_bound":2596920.0},"point_estimate":2588982.5,"standard_error":5300.1478510743955},"median_abs_dev":{"confidence_interval":{"confidence_level":0.95,"lower_bound":35100.591441839795,"upper_bound":58314.3634647131},"point_estimate":46620.35617232323,"standard_error":5912.543251946633},"slope":null,"std_dev":{"confidence_interval":{"confidence_level":0.95,"lower_bound":57522.95166341394,"upper_bound":94032.33909574032},"point_estimate":76953.24286417318,"standard_error":9309.317230791861}}