{"mean":{"confidence_interval":{"confidence_level":0.95,"lower_bound":7220929.265642856,"upper_bound":7314934.237642861},"point_estimate":7262833.195714286,"standard_error":24150.276040412507},"median":{"confidence_interval":{"confidence_level":0.95,"lower_bound":7204235.714285715,"upper_bound":7261728.571428572},"point_estimate":7229250.071428571,"standard_error":13239.603716560052},"median_abs_dev":{"confidence_interval":{"confidence_level":0.95,"lower_bound":99577.13812715151,"upper_bound":163721.39709336407},"point_estimate":136070.80168426107,"standard_error":16639.59805682282},"slope":null,"std_dev":{"confidence_interval":{"confidence_level":0.95,"lower_bound":129264.42060410076,"upper_bound":362391.77969318785},"point_estimate":243726.25679922383,"standard_error":68149.14426731416}}