{"mean":{"confidence_interval":{"confidence_level":0.95,"lower_bound":532251.3849522241,"upper_bound":549430.0741680856},"point_estimate":539634.2602986277,"standard_error":4444.056450745849},"median":{"confidence_interval":{"confidence_level":0.95,"lower_bound":528040.5775862068,"upper_bound":531529.6458086867},"point_estimate":529829.3897563487,"standard_error":836.1833790849083},"median_abs_dev":{"confidence_interval":{"confidence_level":0.95,"lower_bound":6552.621873457141,"upper_bound":10389.545289949312},"point_estimate":8288.475435357757,"standard_error":958.2846513153663},"slope":{"confidence_interval":{"confidence_level":0.95,"lower_bound":530303.8391521059,"upper_bound":534455.7662684208},"point_estimate":532304.1105866706,"standard_error":1063.9284040220734},"std_dev":{"confidence_interval":{"confidence_level":0.95,"lower_bound":13332.329914208722,"upper_bound":68506.41183156885},"point_estimate":44561.91628193799,"standard_error":14105.33028899087}}