{"mean":{"confidence_interval":{"confidence_level":0.95,"lower_bound":80654252.6725,"upper_bound":81017712.44025},"point_estimate":80834683.32,"standard_error":92784.09306585409},"median":{"confidence_interval":{"confidence_level":0.95,"lower_bound":80591401.0,"upper_bound":81057101.0},"point_estimate":80795851.5,"standard_error":101088.01463196037},"median_abs_dev":{"confidence_interval":{"confidence_level":0.95,"lower_bound":722101.0584801435,"upper_bound":1129367.657412216},"point_estimate":892525.1841545105,"standard_error":104667.39099532012},"slope":null,"std_dev":{"confidence_interval":{"confidence_level":0.95,"lower_bound":811897.8396155855,"upper_bound":1040164.7472344975},"point_estimate":933315.8465613574,"standard_error":58497.18853757866}}