{"mean":{"confidence_interval":{"confidence_level":0.95,"lower_bound":0.09106740875610368,"upper_bound":0.1032724449507168},"point_estimate":0.09710315263460312,"standard_error":0.0031468468614862665},"median":{"confidence_interval":{"confidence_level":0.95,"lower_bound":0.0872720778530427,"upper_bound":0.0998689589498698},"point_estimate":0.09403165010172021,"standard_error":0.0032586697117417372}}