{"mean":{"confidence_interval":{"confidence_level":0.95,"lower_bound":153523819.61175,"upper_bound":154020938.4845},"point_estimate":153766657.5,"standard_error":126552.43033456769},"median":{"confidence_interval":{"confidence_level":0.95,"lower_bound":153278138.0,"upper_bound":153985683.0},"point_estimate":153617988.0,"standard_error":187740.94031803685},"median_abs_dev":{"confidence_interval":{"confidence_level":0.95,"lower_bound":907059.111696482,"upper_bound":1449089.6930985143},"point_estimate":1086902.9363036156,"standard_error":133492.9166156798},"slope":null,"std_dev":{"confidence_interval":{"confidence_level":0.95,"lower_bound":1036491.1075048583,"upper_bound":1500592.5384345853},"point_estimate":1268687.2641934643,"standard_error":119097.68407694543}}