{"mean":{"confidence_interval":{"confidence_level":0.95,"lower_bound":2900079417.302,"upper_bound":2903795130.92275},"point_estimate":2901888844.99,"standard_error":952845.7497819498},"median":{"confidence_interval":{"confidence_level":0.95,"lower_bound":2898366565.0,"upper_bound":2903973128.0},"point_estimate":2900628426.5,"standard_error":1631582.1880127543},"median_abs_dev":{"confidence_interval":{"confidence_level":0.95,"lower_bound":6780048.287630081,"upper_bound":10062223.66155982},"point_estimate":7906111.137038469,"standard_error":853942.8757326048},"slope":null,"std_dev":{"confidence_interval":{"confidence_level":0.95,"lower_bound":7474379.122569807,"upper_bound":11749247.303805763},"point_estimate":9587306.996544568,"standard_error":1106508.707891255}}