{"mean":{"confidence_interval":{"confidence_level":0.95,"lower_bound":3670983.3621071433,"upper_bound":3692647.7285178555},"point_estimate":3681603.6549999993,"standard_error":5496.387782034324},"median":{"confidence_interval":{"confidence_level":0.95,"lower_bound":3658950.0,"upper_bound":3691235.7142857146},"point_estimate":3676735.75,"standard_error":8867.237914964597},"median_abs_dev":{"confidence_interval":{"confidence_level":0.95,"lower_bound":42042.29925360013,"upper_bound":61512.06685794242},"point_estimate":52674.65906483811,"standard_error":4946.543850108823},"slope":null,"std_dev":{"confidence_interval":{"confidence_level":0.95,"lower_bound":45802.899999112895,"upper_bound":63610.61582610974},"point_estimate":55100.71598622287,"standard_error":4565.95795915094}}