{"mean":{"confidence_interval":{"confidence_level":0.95,"lower_bound":72443093498.36024,"upper_bound":72699104765.5805},"point_estimate":72566124653.25,"standard_error":65348614.2918727},"median":{"confidence_interval":{"confidence_level":0.95,"lower_bound":72225353255.5,"upper_bound":72343900616.0},"point_estimate":72283280361.5,"standard_error":29711256.307758886},"median_abs_dev":{"confidence_interval":{"confidence_level":0.95,"lower_bound":155707932.68458915,"upper_bound":315957737.33342886},"point_estimate":219973694.64488626,"standard_error":42619986.19872387},"slope":null,"std_dev":{"confidence_interval":{"confidence_level":0.95,"lower_bound":526097554.1584918,"upper_bound":759614269.4953935},"point_estimate":654858454.6609545,"standard_error":59382004.60732258}}