{"mean":{"confidence_interval":{"confidence_level":0.95,"lower_bound":-0.1194583882773344,"upper_bound":-0.10593853795304252},"point_estimate":-0.1125686952059467,"standard_error":0.0034373354081458176},"median":{"confidence_interval":{"confidence_level":0.95,"lower_bound":-0.11971553506353072,"upper_bound":-0.11035764447946284},"point_estimate":-0.11437017697423368,"standard_error":0.0023846515471013154}}