{"mean":{"confidence_interval":{"confidence_level":0.95,"lower_bound":-0.09863014129526453,"upper_bound":-0.08881869048814879},"point_estimate":-0.09364093168219767,"standard_error":0.002500302633893613},"median":{"confidence_interval":{"confidence_level":0.95,"lower_bound":-0.09674862076073087,"upper_bound":-0.08746946670037814},"point_estimate":-0.09295066307808686,"standard_error":0.0023022634327020354}}