{"mean":{"confidence_interval":{"confidence_level":0.95,"lower_bound":1388937.4714450818,"upper_bound":1424950.3754430271},"point_estimate":1404971.3501594532,"standard_error":9292.26841264789},"median":{"confidence_interval":{"confidence_level":0.95,"lower_bound":1373941.6666666667,"upper_bound":1387988.888888889},"point_estimate":1381669.5454545454,"standard_error":3639.5232898775957},"median_abs_dev":{"confidence_interval":{"confidence_level":0.95,"lower_bound":18010.945766335743,"upper_bound":35146.85168371091},"point_estimate":27766.344820180013,"standard_error":4384.455159921893},"slope":{"confidence_interval":{"confidence_level":0.95,"lower_bound":1378739.4827270925,"upper_bound":1391570.0487931306},"point_estimate":1384954.9182119106,"standard_error":3268.102851966392},"std_dev":{"confidence_interval":{"confidence_level":0.95,"lower_bound":38113.644518245725,"upper_bound":132861.79939077795},"point_estimate":93361.18480753455,"standard_error":23318.57963769687}}