{"mean":{"confidence_interval":{"confidence_level":0.95,"lower_bound":7037003.236281251,"upper_bound":7083967.709375},"point_estimate":7059983.87375,"standard_error":11962.8749875818},"median":{"confidence_interval":{"confidence_level":0.95,"lower_bound":7013274.875,"upper_bound":7069299.875},"point_estimate":7045431.125,"standard_error":13255.103717506752},"median_abs_dev":{"confidence_interval":{"confidence_level":0.95,"lower_bound":83516.70976728201,"upper_bound":126438.21066152299},"point_estimate":101817.55319237709,"standard_error":10798.621988795612},"slope":null,"std_dev":{"confidence_interval":{"confidence_level":0.95,"lower_bound":98044.53293750739,"upper_bound":139863.13714211585},"point_estimate":119902.61383911603,"standard_error":10711.754509556216}}