{"mean":{"confidence_interval":{"confidence_level":0.95,"lower_bound":10842970.970150007,"upper_bound":10930882.390200008},"point_estimate":10886035.084000003,"standard_error":22442.422301474653},"median":{"confidence_interval":{"confidence_level":0.95,"lower_bound":10777740.2,"upper_bound":10911510.0},"point_estimate":10839150.2,"standard_error":37433.28861928649},"median_abs_dev":{"confidence_interval":{"confidence_level":0.95,"lower_bound":154724.13325309753,"upper_bound":259723.34228248862},"point_estimate":204702.72662579958,"standard_error":27378.391110005046},"slope":null,"std_dev":{"confidence_interval":{"confidence_level":0.95,"lower_bound":189870.06044749942,"upper_bound":256986.26721328683},"point_estimate":225683.02037018887,"standard_error":17188.5820771919}}