{"mean":{"confidence_interval":{"confidence_level":0.95,"lower_bound":7293298.66235714,"upper_bound":7415167.98407143},"point_estimate":7345465.049999999,"standard_error":31328.86036636129},"median":{"confidence_interval":{"confidence_level":0.95,"lower_bound":7249850.785714285,"upper_bound":7324329.357142856},"point_estimate":7283029.285714285,"standard_error":23325.82930561554},"median_abs_dev":{"confidence_interval":{"confidence_level":0.95,"lower_bound":111502.10802044236,"upper_bound":193161.49067069782},"point_estimate":152146.633198858,"standard_error":21322.029780413435},"slope":null,"std_dev":{"confidence_interval":{"confidence_level":0.95,"lower_bound":148009.97136338786,"upper_bound":484667.0069768563},"point_estimate":314099.20289164776,"standard_error":104186.99849082547}}