{"mean":{"confidence_interval":{"confidence_level":0.95,"lower_bound":73638678.10350001,"upper_bound":74600806.092},"point_estimate":74097330.66,"standard_error":245286.71664364226},"median":{"confidence_interval":{"confidence_level":0.95,"lower_bound":72792550.5,"upper_bound":74028900.5},"point_estimate":73662200.0,"standard_error":338003.024215322},"median_abs_dev":{"confidence_interval":{"confidence_level":0.95,"lower_bound":1317877.1491380043,"upper_bound":2387282.477617264},"point_estimate":2044727.7536988258,"standard_error":274018.25625509315},"slope":null,"std_dev":{"confidence_interval":{"confidence_level":0.95,"lower_bound":1819602.4763062866,"upper_bound":3087700.191717697},"point_estimate":2471155.516860018,"standard_error":325594.4505694308}}