{"mean":{"confidence_interval":{"confidence_level":0.95,"lower_bound":65851081.27275,"upper_bound":66758056.19625},"point_estimate":66284305.24,"standard_error":231855.37627698685},"median":{"confidence_interval":{"confidence_level":0.95,"lower_bound":65310900.0,"upper_bound":65763800.0},"point_estimate":65448850.0,"standard_error":103647.51990269493},"median_abs_dev":{"confidence_interval":{"confidence_level":0.95,"lower_bound":785629.7260522842,"upper_bound":1434045.565840602},"point_estimate":1097494.6305155754,"standard_error":152468.0948049174},"slope":null,"std_dev":{"confidence_interval":{"confidence_level":0.95,"lower_bound":1782665.383320966,"upper_bound":2783104.273615428},"point_estimate":2336724.996673673,"standard_error":255217.9282962628}}