{"mean":{"confidence_interval":{"confidence_level":0.95,"lower_bound":-0.1371730197606984,"upper_bound":-0.1293922968377352},"point_estimate":-0.13343062614384227,"standard_error":0.0019958573147094206},"median":{"confidence_interval":{"confidence_level":0.95,"lower_bound":-0.1379184630909417,"upper_bound":-0.13130025159170267},"point_estimate":-0.1350733851265098,"standard_error":0.0016486111813277377}}