{"mean":{"confidence_interval":{"confidence_level":0.95,"lower_bound":-0.2705754175233204,"upper_bound":-0.2562765177838177},"point_estimate":-0.2630960736789577,"standard_error":0.003667024340782545},"median":{"confidence_interval":{"confidence_level":0.95,"lower_bound":-0.26684002319654254,"upper_bound":-0.2596748923323795},"point_estimate":-0.26285415692143566,"standard_error":0.0018757728861160004}}