{"mean":{"confidence_interval":{"confidence_level":0.95,"lower_bound":-0.13991097594317478,"upper_bound":-0.12467985002423845},"point_estimate":-0.13212392411357965,"standard_error":0.0038667710550390863},"median":{"confidence_interval":{"confidence_level":0.95,"lower_bound":-0.1399893994980005,"upper_bound":-0.13200937649796352},"point_estimate":-0.13721685813758266,"standard_error":0.0021129487793545786}}