{"mean":{"confidence_interval":{"confidence_level":0.95,"lower_bound":2429557873.38275,"upper_bound":2434487747.63825},"point_estimate":2431925396.55,"standard_error":1259027.914409978},"median":{"confidence_interval":{"confidence_level":0.95,"lower_bound":2428022123.5,"upper_bound":2432005755.0},"point_estimate":2430198712.5,"standard_error":1007224.8510320248},"median_abs_dev":{"confidence_interval":{"confidence_level":0.95,"lower_bound":6190375.28269887,"upper_bound":11874492.434148118},"point_estimate":8446633.728942275,"standard_error":1575115.311675378},"slope":null,"std_dev":{"confidence_interval":{"confidence_level":0.95,"lower_bound":9146872.447353076,"upper_bound":15809357.8891062},"point_estimate":12659203.668004576,"standard_error":1706652.048495851}}