{"mean":{"confidence_interval":{"confidence_level":0.95,"lower_bound":371900.82879217796,"upper_bound":377152.72166801867},"point_estimate":374224.99013709946,"standard_error":1348.357585383408},"median":{"confidence_interval":{"confidence_level":0.95,"lower_bound":370984.70226629975,"upper_bound":373497.73484848486},"point_estimate":372632.84604519774,"standard_error":686.5827412062268},"median_abs_dev":{"confidence_interval":{"confidence_level":0.95,"lower_bound":4435.997766066448,"upper_bound":8019.488026215339},"point_estimate":6041.949989977683,"standard_error":873.1272817130903},"slope":{"confidence_interval":{"confidence_level":0.95,"lower_bound":372767.4062923836,"upper_bound":376441.24402211804},"point_estimate":374481.01613122504,"standard_error":938.3124738706141},"std_dev":{"confidence_interval":{"confidence_level":0.95,"lower_bound":6798.578456437531,"upper_bound":20544.90408484939},"point_estimate":13527.617491045945,"standard_error":4068.2230858084226}}