{"mean":{"confidence_interval":{"confidence_level":0.95,"lower_bound":-0.12064841680158685,"upper_bound":-0.1035486119399991},"point_estimate":-0.11188807453632532,"standard_error":0.004343607379113211},"median":{"confidence_interval":{"confidence_level":0.95,"lower_bound":-0.11288795883173341,"upper_bound":-0.10134213663643865},"point_estimate":-0.10599129969399312,"standard_error":0.0032354784003810404}}