{"mean":{"confidence_interval":{"confidence_level":0.95,"lower_bound":2883126.373597223,"upper_bound":2917265.8944722232},"point_estimate":2899306.070555555,"standard_error":8707.828367882006},"median":{"confidence_interval":{"confidence_level":0.95,"lower_bound":2865741.666666667,"upper_bound":2894033.3333333335},"point_estimate":2880380.5555555555,"standard_error":7539.875093134502},"median_abs_dev":{"confidence_interval":{"confidence_level":0.95,"lower_bound":37975.15099247312,"upper_bound":70279.35708562494},"point_estimate":48666.30295266677,"standard_error":8129.733367482266},"slope":null,"std_dev":{"confidence_interval":{"confidence_level":0.95,"lower_bound":62188.00394711864,"upper_bound":109813.9504524872},"point_estimate":87486.29628963853,"standard_error":12210.045221070948}}