{"mean":{"confidence_interval":{"confidence_level":0.95,"lower_bound":1238826308.41025,"upper_bound":1241129782.43675},"point_estimate":1239949187.76,"standard_error":588173.0150152723},"median":{"confidence_interval":{"confidence_level":0.95,"lower_bound":1237636961.0,"upper_bound":1241351346.5},"point_estimate":1239397564.5,"standard_error":914383.3012806806},"median_abs_dev":{"confidence_interval":{"confidence_level":0.95,"lower_bound":4721602.036374807,"upper_bound":7051418.197712302},"point_estimate":5764804.59715426,"standard_error":592526.127005272},"slope":null,"std_dev":{"confidence_interval":{"confidence_level":0.95,"lower_bound":4771588.545556394,"upper_bound":7086793.111946624},"point_estimate":5905930.902999208,"standard_error":600247.7138300515}}